attacker,defender,att_hp,def_hp,terrain,mode,observed,co_attack,co_defense,notes
# Every row is one observed battle. Delete nothing; add rows as you record them.
#
# att_hp / def_hp : INTERNAL hp, 1..100. A unit that has never been damaged is
#                   exactly 100. That is the only value you can know by looking,
#                   so prefer full-health units for calibration.
# terrain         : the DEFENDER's tile (plains, woods, mountain, road, city, ...)
# mode            : display_after -> `observed` is the defender's displayed HP
#                                    (1..10, or 0 if destroyed) after the attack
#                   exact         -> `observed` is internal damage dealt, only
#                                    available once you can read RAM
# co_attack/co_defense : 100 unless a CO power is active. Andy/Max/Sami etc.
#                        have per-unit modifiers not yet extracted -- for now,
#                        calibrate with a plain CO and no power active.
#
# Recording protocol (see README.md): save state, attack, record, load state,
# repeat ~10x per matchup so the hidden 0..9 luck roll gets sampled.
#
# Example of what a filled-in row looks like (delete once you have real data):
# Infantry,Infantry,100,100,plains,display_after,5,100,100,save-state trial 1
Tank,Infantry,100,100,road,exact,78,100,100,co=Andy
Infantry,Tank,22,100,road,exact,1,100,100,counter co=Andy
Tank,Infantry,100,100,road,exact,76,100,100,co=Andy
Infantry,Tank,24,100,road,exact,1,100,100,counter co=Andy
Tank,Infantry,100,100,plains,exact,75,100,100,co=Andy
Infantry,Tank,25,100,plains,exact,0,100,100,counter co=Andy
Tank,Mech,100,100,mountain,exact,43,100,100,co=Andy
Mech,Tank,57,100,plains,exact,27,100,100,counter co=Andy
Infantry,Infantry,9,100,road,exact,7,100,100,last-bar attacker floor vs floor_min1 probe
Infantry,Infantry,9,100,road,exact,11,100,100,last-bar trial 2 - refutes plain floor
Tank,Infantry,100,100,mountain,exact,49,100,100,mountain repeat trials
Tank,Infantry,100,100,mountain,exact,47,100,100,mountain repeat trials
Tank,Infantry,100,100,mountain,exact,48,100,100,mountain repeat trials
Tank,Infantry,100,100,mountain,exact,50,100,100,max over 35 trials with varied timing
Tank,Infantry,100,100,mountain,exact,50,100,100,automated sweep k=0
Tank,Infantry,100,100,mountain,exact,46,100,100,automated sweep k=1
Tank,Infantry,100,100,mountain,exact,50,100,100,automated sweep k=2
Tank,Infantry,100,100,mountain,exact,48,100,100,automated sweep k=3
Tank,Infantry,100,100,mountain,exact,48,100,100,automated sweep k=4
Tank,Infantry,100,100,mountain,exact,49,100,100,automated sweep k=5
Tank,Infantry,100,100,mountain,exact,45,100,100,automated sweep k=6
Tank,Infantry,100,100,mountain,exact,45,100,100,automated sweep k=7
Tank,Infantry,100,100,mountain,exact,48,100,100,automated sweep k=8
Tank,Infantry,100,100,mountain,exact,45,100,100,automated sweep k=9
Tank,Infantry,100,100,mountain,exact,46,100,100,automated sweep k=10
Tank,Infantry,100,100,mountain,exact,45,100,100,automated sweep k=11
Tank,Infantry,100,100,mountain,exact,50,100,100,automated sweep k=12
Tank,Infantry,100,100,mountain,exact,50,100,100,automated sweep k=13
Tank,Infantry,100,100,mountain,exact,48,100,100,automated sweep k=14
Tank,Infantry,100,100,mountain,exact,48,100,100,automated sweep k=15
Tank,Infantry,100,100,mountain,exact,50,100,100,automated sweep k=16
Tank,Infantry,100,100,mountain,exact,48,100,100,automated sweep k=17
Tank,Infantry,100,100,mountain,exact,45,100,100,automated sweep k=18
Tank,Infantry,100,100,mountain,exact,50,100,100,automated sweep k=19
Tank,Infantry,100,100,mountain,exact,48,100,100,automated sweep k=20
Tank,Infantry,100,100,mountain,exact,49,100,100,automated sweep k=21
Tank,Infantry,100,100,mountain,exact,48,100,100,automated sweep k=22
Tank,Infantry,100,100,mountain,exact,48,100,100,automated sweep k=23
Tank,Infantry,100,100,mountain,exact,45,100,100,automated sweep k=24
Tank,Infantry,100,100,mountain,exact,45,100,100,automated sweep k=25
Tank,Infantry,100,100,mountain,exact,46,100,100,automated sweep k=26
Tank,Infantry,100,100,mountain,exact,46,100,100,automated sweep k=27
Tank,Infantry,100,100,mountain,exact,49,100,100,automated sweep k=28
Tank,Infantry,100,100,mountain,exact,50,100,100,automated sweep k=29
Tank,Infantry,100,100,mountain,exact,45,100,100,automated sweep k=30
Tank,Infantry,100,100,mountain,exact,46,100,100,automated sweep k=31
Tank,Infantry,100,100,mountain,exact,45,100,100,automated sweep k=32
Tank,Infantry,100,100,mountain,exact,50,100,100,automated sweep k=33
Tank,Infantry,100,100,mountain,exact,46,100,100,automated sweep k=34
Tank,Infantry,100,100,mountain,exact,45,100,100,automated sweep k=35
Tank,Infantry,100,100,mountain,exact,50,100,100,automated sweep k=36
Tank,Infantry,100,100,mountain,exact,46,100,100,automated sweep k=37
Tank,Infantry,100,100,mountain,exact,49,100,100,automated sweep k=38
Tank,Infantry,100,100,mountain,exact,45,100,100,automated sweep k=39
Tank,Infantry,100,100,mountain,exact,50,100,100,automated sweep k=40
Tank,Infantry,100,100,mountain,exact,45,100,100,automated sweep k=41
Tank,Infantry,100,100,mountain,exact,48,100,100,automated sweep k=42
Tank,Infantry,100,100,mountain,exact,46,100,100,automated sweep k=43
Tank,Infantry,100,100,mountain,exact,48,100,100,automated sweep k=44
Tank,Infantry,100,100,mountain,exact,49,100,100,automated sweep k=45
Tank,Infantry,100,100,mountain,exact,48,100,100,automated sweep k=46
Tank,Infantry,100,100,mountain,exact,48,100,100,automated sweep k=47
Tank,Infantry,100,100,mountain,exact,50,100,100,automated sweep k=48
Tank,Infantry,100,100,mountain,exact,45,100,100,automated sweep k=49
Tank,Infantry,100,100,mountain,exact,49,100,100,automated sweep k=50
Tank,Infantry,100,100,mountain,exact,46,100,100,automated sweep k=51
Tank,Infantry,100,100,mountain,exact,46,100,100,automated sweep k=52
Tank,Infantry,100,100,mountain,exact,45,100,100,automated sweep k=53
Tank,Infantry,100,100,mountain,exact,49,100,100,automated sweep k=54
Tank,Infantry,100,100,mountain,exact,48,100,100,automated sweep k=55
Tank,Infantry,100,100,mountain,exact,50,100,100,automated sweep k=56
Tank,Infantry,100,100,mountain,exact,50,100,100,automated sweep k=57
Tank,Infantry,100,100,mountain,exact,49,100,100,automated sweep k=58
Tank,Infantry,100,100,mountain,exact,45,100,100,automated sweep k=59
Tank,Infantry,100,100,mountain,exact,49,100,100,automated sweep k=60
